{
    "Category": "VOD",
    "Description": "video on demand on aws",
    "Name": "_Ott_720p_Avc_Aac_16x9",
    "Settings": {
        "AdAvailOffset": 0,
        "OutputGroups": [
            {
                "Name": "File Group",
                "OutputGroupSettings": {
                    "Type": "FILE_GROUP_SETTINGS",
                    "FileGroupSettings": {}
                },
                "Outputs": [
                    {
                        "Preset": "System-Generic_Hd_Mp4_Avc_Aac_16x9_1280x720p_24Hz_4.5Mbps",
                        "Extension": "mp4",
                        "NameModifier": "_Generic_Hd_Mp4_Avc_Aac_16x9_1280x720p_24Hz_4.5Mbps"
                    }
                ]
            },
            {
                "Name": "Apple HLS",
                "Outputs": [
                    {
                        "Preset": "System-Ott_Hls_Ts_Avc_Aac_16x9_480x270p_15Hz_0.4Mbps",
                        "NameModifier": "_Ott_Hls_Ts_Avc_Aac_16x9_480x270p_15Hz_400Kbps"
                    },
                    {
                        "Preset": "System-Ott_Hls_Ts_Avc_Aac_16x9_640x360p_30Hz_0.6Mbps",
                        "NameModifier": "_Ott_Hls_Ts_Avc_Aac_16x9_640x360p_30Hz_600Kbps"
                    },
                    {
                        "Preset": "System-Ott_Hls_Ts_Avc_Aac_16x9_640x360p_30Hz_1.2Mbps",
                        "NameModifier": "_Ott_Hls_Ts_Avc_Aac_16x9_640x360p_30Hz_1200Kbps"
                    },
                    {
                        "Preset": "System-Ott_Hls_Ts_Avc_Aac_16x9_960x540p_30Hz_3.5Mbps",
                        "NameModifier": "_Ott_Hls_Ts_Avc_Aac_16x9_960x540p_30Hz_3500Kbps"
                    },
                    {
                        "Preset": "System-Ott_Hls_Ts_Avc_Aac_16x9_1280x720p_30Hz_3.5Mbps",
                        "NameModifier": "_Ott_Hls_Ts_Avc_Aac_16x9_1280x720p_30Hz_3500Kbps"
                    },
                    {
                        "Preset": "System-Ott_Hls_Ts_Avc_Aac_16x9_1280x720p_30Hz_5.0Mbps",
                        "NameModifier": "_Ott_Hls_Ts_Avc_Aac_16x9_1280x720p_30Hz_5000Kbps"
                    },
                    {
                        "Preset": "System-Ott_Hls_Ts_Avc_Aac_16x9_1280x720p_30Hz_6.5Mbps",
                        "NameModifier": "_Ott_Hls_Ts_Avc_Aac_16x9_1280x720p_30Hz_6500Kbps"
                    }
                ],
                "OutputGroupSettings": {
                    "Type": "HLS_GROUP_SETTINGS",
                    "HlsGroupSettings": {
                        "ManifestDurationFormat": "INTEGER",
                        "SegmentLength": 3,
                        "TimedMetadataId3Period": 10,
                        "CaptionLanguageSetting": "OMIT",
                        "TimedMetadataId3Frame": "PRIV",
                        "CodecSpecification": "RFC_4281",
                        "OutputSelection": "MANIFESTS_AND_SEGMENTS",
                        "ProgramDateTimePeriod": 600,
                        "MinSegmentLength": 0,
                        "DirectoryStructure": "SINGLE_DIRECTORY",
                        "ProgramDateTime": "EXCLUDE",
                        "SegmentControl": "SEGMENTED_FILES",
                        "ManifestCompression": "NONE",
                        "ClientCache": "ENABLED",
                        "StreamInfResolution": "INCLUDE"
                    }
                }
            },
            {
                "Name": "DASH ISO",
                "Outputs": [
                    {
                        "Preset": "System-Ott_Dash_Mp4_Avc_16x9_480x270p_15Hz_0.4Mbps",
                        "NameModifier": "_Ott_Dash_Mp4_Avc_16x9_480x270p_15Hz_400Kbps"
                    },
                    {
                        "Preset": "System-Ott_Dash_Mp4_Avc_16x9_640x360p_30Hz_0.6Mbps",
                        "NameModifier": "_Ott_Dash_Mp4_Avc_16x9_640x360p_30Hz_600Kbps"
                    },
                    {
                        "Preset": "System-Ott_Dash_Mp4_Avc_16x9_640x360p_30Hz_1.2Mbps",
                        "NameModifier": "_Ott_Dash_Mp4_Avc_16x9_640x360p_30Hz_1200Kbps"
                    },
                    {
                        "Preset": "System-Ott_Dash_Mp4_Avc_16x9_960x540p_30Hz_3.5Mbps",
                        "NameModifier": "_Ott_Dash_Mp4_Avc_16x9_960x540p_30Hz_3500Kbps"
                    },
                    {
                        "Preset": "System-Ott_Dash_Mp4_Avc_16x9_1280x720p_30Hz_3.5Mbps",
                        "NameModifier": "_Ott_Dash_Mp4_Avc_16x9_1280x720p_30Hz_3500Kbps"
                    },
                    {
                        "Preset": "System-Ott_Dash_Mp4_Avc_16x9_1280x720p_30Hz_5.0Mbps",
                        "NameModifier": "_Ott_Dash_Mp4_Avc_16x9_1280x720p_30Hz_5000Kbps"
                    },
                    {
                        "Preset": "System-Ott_Dash_Mp4_Avc_16x9_1280x720p_30Hz_6.5Mbps",
                        "NameModifier": "_Ott_Dash_Mp4_Avc_16x9_1280x720p_30Hz_6500Kbps"
                    },
                    {
                        "Preset": "System-Ott_Dash_Mp4_Aac_He_96Kbps",
                        "NameModifier": "_Ott_Dash_Mp4_Aac_He_96Kbps"
                    }
                ],
                "OutputGroupSettings": {
                    "Type": "DASH_ISO_GROUP_SETTINGS",
                    "DashIsoGroupSettings": {
                        "SegmentLength": 30,
                        "FragmentLength": 3,
                        "SegmentControl": "SEGMENTED_FILES",
                        "HbbtvCompliance": "NONE"
                    }
                }
            }
        ]
    }
}